-- phpMyAdmin SQL Dump
-- version 5.2.1
-- https://www.phpmyadmin.net/
--
-- Εξυπηρετητής: 127.0.0.1
-- Χρόνος δημιουργίας: 07 Αυγ 2025 στις 20:43:00
-- Έκδοση διακομιστή: 10.4.32-MariaDB
-- Έκδοση PHP: 8.0.30

SET SQL_MODE = "NO_AUTO_VALUE_ON_ZERO";
START TRANSACTION;
SET time_zone = "+00:00";


/*!40101 SET @OLD_CHARACTER_SET_CLIENT=@@CHARACTER_SET_CLIENT */;
/*!40101 SET @OLD_CHARACTER_SET_RESULTS=@@CHARACTER_SET_RESULTS */;
/*!40101 SET @OLD_COLLATION_CONNECTION=@@COLLATION_CONNECTION */;
/*!40101 SET NAMES utf8mb4 */;

--
-- Βάση δεδομένων: `visionscope`
--

-- --------------------------------------------------------

--
-- Δομή πίνακα για τον πίνακα `logs`
--

CREATE TABLE `logs` (
  `logId` int(11) NOT NULL,
  `userId` int(11) DEFAULT NULL,
  `username` varchar(255) NOT NULL,
  `loginDate` date NOT NULL DEFAULT curdate(),
  `logTime` timestamp NOT NULL DEFAULT current_timestamp(),
  `action` varchar(255) NOT NULL,
  `logoutTime` timestamp NOT NULL DEFAULT current_timestamp() ON UPDATE current_timestamp()
) ENGINE=InnoDB DEFAULT CHARSET=utf8mb4 COLLATE=utf8mb4_general_ci;

--
-- Άδειασμα δεδομένων του πίνακα `logs`
--

INSERT INTO `logs` (`logId`, `userId`, `username`, `loginDate`, `logTime`, `action`, `logoutTime`) VALUES
(1, 1, 'ambelbasha', '2025-02-22', '2025-02-21 22:00:00', '', '2025-04-20 20:45:55'),
(2, 2, 'admin', '2025-02-22', '2025-04-20 21:00:00', 'Logout', '2025-04-21 06:57:02'),
(4, 1, 'System', '2025-03-21', '2025-03-20 22:00:00', '', '2025-04-20 20:45:55'),
(5, 1, 'System', '2025-03-22', '2025-03-20 22:00:00', '', '2025-04-20 20:45:55'),
(6, 1, 'System', '2025-03-22', '2025-03-20 22:00:00', '', '2025-04-20 20:45:55'),
(7, 1, 'System', '2025-03-22', '2025-03-20 22:00:00', '', '2025-04-20 20:45:55'),
(8, 1, 'System', '2025-03-22', '2025-03-20 22:00:00', '', '2025-04-20 20:45:55'),
(9, 1, 'System', '2025-03-22', '2025-03-20 22:00:00', '', '2025-04-20 20:45:55'),
(10, 1, 'System', '2025-03-22', '2025-03-20 22:00:00', '', '2025-04-20 20:45:55'),
(11, 1, 'System', '2025-03-22', '2025-03-20 22:00:00', '', '2025-04-20 20:45:55'),
(12, 1, 'System', '2025-03-22', '2025-03-20 22:00:00', '', '2025-04-20 20:45:55'),
(13, 1, 'System', '2025-03-22', '2025-03-20 22:00:00', '', '2025-04-20 20:45:55'),
(14, 1, 'System', '2025-03-22', '2025-03-21 22:00:00', '', '2025-04-20 20:45:55'),
(15, 2, 'admin', '2025-03-22', '2025-04-20 21:00:00', 'Logout', '2025-04-21 06:57:02'),
(16, 2, 'admin', '2025-03-22', '2025-04-20 21:00:00', 'Logout', '2025-04-21 06:57:02'),
(17, 1, 'System', '2025-03-22', '2025-03-21 22:00:00', '', '2025-04-20 20:45:55'),
(18, 1, 'System', '2025-03-22', '2025-03-21 22:00:00', '', '2025-04-20 20:45:55'),
(19, 1, 'System', '2025-03-22', '2025-03-21 22:00:00', '', '2025-04-20 20:45:55'),
(20, 1, 'System', '2025-03-22', '2025-03-21 22:00:00', '', '2025-04-20 20:45:55'),
(21, 1, 'System', '2025-03-22', '2025-03-21 22:00:00', '', '2025-04-20 20:45:55'),
(22, 1, 'System', '2025-03-22', '2025-03-21 22:00:00', '', '2025-04-20 20:45:55'),
(23, 1, 'System', '2025-03-22', '2025-03-21 22:00:00', '', '2025-04-20 20:45:55'),
(24, 1, 'System', '2025-03-22', '2025-03-21 22:00:00', '', '2025-04-20 20:45:55'),
(25, 1, 'System', '2025-03-22', '2025-03-21 22:00:00', '', '2025-04-20 20:45:55'),
(26, 1, 'System', '2025-03-22', '2025-03-21 22:00:00', '', '2025-04-20 20:45:55'),
(27, 1, 'System', '2025-03-22', '2025-03-21 22:00:00', '', '2025-04-20 20:45:55'),
(28, 1, 'System', '2025-03-22', '2025-03-21 22:00:00', '', '2025-04-20 20:45:55'),
(29, 1, 'System', '2025-03-22', '2025-03-21 22:00:00', '', '2025-04-20 20:45:55'),
(30, 1, 'System', '2025-03-22', '2025-03-21 22:00:00', '', '2025-04-20 20:45:55'),
(31, 1, 'System', '2025-03-22', '2025-03-21 22:00:00', '', '2025-04-20 20:45:55'),
(32, 1, 'System', '2025-03-22', '2025-03-21 22:00:00', '', '2025-04-20 20:45:55'),
(33, 1, 'System', '2025-03-22', '2025-03-21 22:00:00', '', '2025-04-20 20:45:55'),
(34, 1, 'System', '2025-03-22', '2025-03-21 22:00:00', '', '2025-04-20 20:45:55'),
(35, 1, 'System', '2025-03-23', '2025-03-21 22:00:00', '', '2025-04-20 20:45:55'),
(36, 1, 'System', '2025-03-23', '2025-03-21 22:00:00', '', '2025-04-20 20:45:55'),
(37, 1, 'System', '2025-03-23', '2025-03-21 22:00:00', '', '2025-04-20 20:45:55'),
(38, 1, 'System', '2025-03-23', '2025-03-21 22:00:00', '', '2025-04-20 20:45:55'),
(39, 1, 'System', '2025-03-23', '2025-03-21 22:00:00', '', '2025-04-20 20:45:55'),
(40, 1, 'System', '2025-03-23', '2025-03-21 22:00:00', '', '2025-04-20 20:45:55'),
(41, 1, 'System', '2025-03-23', '2025-03-21 22:00:00', '', '2025-04-20 20:45:55'),
(42, 1, 'System', '2025-03-23', '2025-03-21 22:00:00', '', '2025-04-20 20:45:55'),
(43, 1, 'System', '2025-03-23', '2025-03-21 22:00:00', '', '2025-04-20 20:45:55'),
(44, 1, 'System', '2025-03-23', '2025-03-21 22:00:00', '', '2025-04-20 20:45:55'),
(45, 1, 'System', '2025-03-23', '2025-03-21 22:00:00', '', '2025-04-20 20:45:55'),
(46, 1, 'System', '2025-03-23', '2025-03-21 22:00:00', '', '2025-04-20 20:45:55'),
(47, 1, 'System', '2025-03-23', '2025-03-21 22:00:00', '', '2025-04-20 20:45:55'),
(48, 1, 'System', '2025-03-23', '2025-03-22 22:00:00', '', '2025-04-20 20:45:55'),
(49, 1, 'System', '2025-03-23', '2025-03-22 22:00:00', '', '2025-04-20 20:45:55'),
(50, 1, 'System', '2025-03-23', '2025-03-22 22:00:00', '', '2025-04-20 20:45:55'),
(51, 1, 'System', '2025-03-23', '2025-03-22 22:00:00', '', '2025-04-20 20:45:55'),
(52, 2, 'admin', '2025-03-23', '2025-04-20 21:00:00', 'Logout', '2025-04-21 06:57:02'),
(53, 2, 'admin', '2025-03-23', '2025-04-20 21:00:00', 'Logout', '2025-04-21 06:57:02'),
(54, 2, 'admin', '2025-03-23', '2025-04-20 21:00:00', 'Logout', '2025-04-21 06:57:02'),
(55, 2, 'admin', '2025-03-23', '2025-04-20 21:00:00', 'Logout', '2025-04-21 06:57:02'),
(56, 2, 'admin', '2025-03-23', '2025-04-20 21:00:00', 'Logout', '2025-04-21 06:57:02'),
(57, 2, 'admin', '2025-03-23', '2025-04-20 21:00:00', 'Logout', '2025-04-21 06:57:02'),
(58, 2, 'admin', '2025-03-23', '2025-04-20 21:00:00', 'Logout', '2025-04-21 06:57:02'),
(59, 2, 'admin', '2025-03-23', '2025-04-20 21:00:00', 'Logout', '2025-04-21 06:57:02'),
(60, 2, 'admin', '2025-03-23', '2025-04-20 21:00:00', 'Logout', '2025-04-21 06:57:02'),
(61, 2, 'admin', '2025-03-23', '2025-04-20 21:00:00', 'Logout', '2025-04-21 06:57:02'),
(62, 2, 'admin', '2025-03-23', '2025-04-20 21:00:00', 'Logout', '2025-04-21 06:57:02'),
(63, 1, 'System', '2025-03-23', '2025-03-22 22:00:00', '', '2025-04-20 20:45:55'),
(64, 1, 'System', '2025-03-23', '2025-03-22 22:00:00', '', '2025-04-20 20:45:55'),
(65, 1, 'System', '2025-03-23', '2025-03-22 22:00:00', '', '2025-04-20 20:45:55'),
(66, 1, 'System', '2025-03-23', '2025-03-22 22:00:00', '', '2025-04-20 20:45:55'),
(67, 1, 'System', '2025-03-23', '2025-03-22 22:00:00', '', '2025-04-20 20:45:55'),
(68, 1, 'System', '2025-03-23', '2025-03-22 22:00:00', '', '2025-04-20 20:45:55'),
(69, 1, 'System', '2025-03-23', '2025-03-22 22:00:00', '', '2025-04-20 20:45:55'),
(70, 1, 'System', '2025-03-23', '2025-03-22 22:00:00', '', '2025-04-20 20:45:55'),
(71, 1, 'System', '2025-03-23', '2025-03-22 22:00:00', '', '2025-04-20 20:45:55'),
(72, 1, 'System', '2025-03-23', '2025-03-22 22:00:00', '', '2025-04-20 20:45:55'),
(73, 1, 'System', '2025-03-23', '2025-03-22 22:00:00', '', '2025-04-20 20:45:55'),
(74, 1, 'System', '2025-03-23', '2025-03-22 22:00:00', '', '2025-04-20 20:45:55'),
(75, 1, 'System', '2025-03-23', '2025-03-22 22:00:00', '', '2025-04-20 20:45:55'),
(76, 1, 'System', '2025-03-23', '2025-03-22 22:00:00', '', '2025-04-20 20:45:55'),
(77, 1, 'System', '2025-03-23', '2025-03-22 22:00:00', '', '2025-04-20 20:45:55'),
(78, 1, 'System', '2025-03-23', '2025-03-22 22:00:00', '', '2025-04-20 20:45:55'),
(79, 1, 'System', '2025-03-23', '2025-03-22 22:00:00', '', '2025-04-20 20:45:55'),
(80, 1, 'System', '2025-03-23', '2025-03-22 22:00:00', '', '2025-04-20 20:45:55'),
(81, 1, 'System', '2025-03-23', '2025-03-22 22:00:00', '', '2025-04-20 20:45:55'),
(82, 1, 'System', '2025-03-23', '2025-03-22 22:00:00', '', '2025-04-20 20:45:55'),
(83, 1, 'System', '2025-03-23', '2025-03-22 22:00:00', '', '2025-04-20 20:45:55'),
(84, 1, 'System', '2025-03-23', '2025-03-22 22:00:00', '', '2025-04-20 20:45:55'),
(85, 1, 'System', '2025-03-23', '2025-03-22 22:00:00', '', '2025-04-20 20:45:55'),
(86, 1, 'System', '2025-03-23', '2025-03-22 22:00:00', '', '2025-04-20 20:45:55'),
(87, 1, 'System', '2025-03-23', '2025-03-22 22:00:00', '', '2025-04-20 20:45:55'),
(88, 1, 'System', '2025-03-23', '2025-03-22 22:00:00', '', '2025-04-20 20:45:55'),
(89, 1, 'System', '2025-03-23', '2025-03-22 22:00:00', '', '2025-04-20 20:45:55'),
(90, 1, 'System', '2025-03-23', '2025-03-22 22:00:00', '', '2025-04-20 20:45:55'),
(91, 1, 'System', '2025-03-23', '2025-03-22 22:00:00', '', '2025-04-20 20:45:55'),
(92, 1, 'System', '2025-03-23', '2025-03-22 22:00:00', '', '2025-04-20 20:45:55'),
(93, 1, 'System', '2025-03-23', '2025-03-22 22:00:00', '', '2025-04-20 20:45:55'),
(94, 1, 'System', '2025-03-23', '2025-03-22 22:00:00', '', '2025-04-20 20:45:55'),
(95, 1, 'System', '2025-03-23', '2025-03-22 22:00:00', '', '2025-04-20 20:45:55'),
(96, 1, 'System', '2025-03-23', '2025-03-22 22:00:00', '', '2025-04-20 20:45:55'),
(97, 2, 'admin', '2025-03-23', '2025-04-20 21:00:00', 'Logout', '2025-04-21 06:57:02'),
(98, 2, 'admin', '2025-03-23', '2025-04-20 21:00:00', 'Logout', '2025-04-21 06:57:02'),
(99, 2, 'admin', '2025-03-23', '2025-04-20 21:00:00', 'Logout', '2025-04-21 06:57:02'),
(100, 2, 'admin', '2025-03-23', '2025-04-20 21:00:00', 'Logout', '2025-04-21 06:57:02'),
(101, 2, 'admin', '2025-03-23', '2025-04-20 21:00:00', 'Logout', '2025-04-21 06:57:02'),
(102, 2, 'admin', '2025-03-24', '2025-04-20 21:00:00', 'Logout', '2025-04-21 06:57:02'),
(103, 2, 'admin', '2025-03-24', '2025-04-20 21:00:00', 'Logout', '2025-04-21 06:57:02'),
(104, 2, 'admin', '2025-03-24', '2025-04-20 21:00:00', 'Logout', '2025-04-21 06:57:02'),
(105, 2, 'admin', '2025-03-24', '2025-04-20 21:00:00', 'Logout', '2025-04-21 06:57:02'),
(106, 2, 'admin', '2025-03-24', '2025-04-20 21:00:00', 'Logout', '2025-04-21 06:57:02'),
(107, 2, 'admin', '2025-03-24', '2025-04-20 21:00:00', 'Logout', '2025-04-21 06:57:02'),
(108, 2, 'admin', '2025-03-24', '2025-04-20 21:00:00', 'Logout', '2025-04-21 06:57:02'),
(109, 2, 'admin', '2025-03-24', '2025-04-20 21:00:00', 'Logout', '2025-04-21 06:57:02'),
(110, 2, 'admin', '2025-03-24', '2025-04-20 21:00:00', 'Logout', '2025-04-21 06:57:02'),
(111, 2, 'admin', '2025-03-24', '2025-04-20 21:00:00', 'Logout', '2025-04-21 06:57:02'),
(112, 2, 'admin', '2025-03-24', '2025-04-20 21:00:00', 'Logout', '2025-04-21 06:57:02'),
(113, 2, 'admin', '2025-03-24', '2025-04-20 21:00:00', 'Logout', '2025-04-21 06:57:02'),
(114, 2, 'admin', '2025-03-24', '2025-04-20 21:00:00', 'Logout', '2025-04-21 06:57:02'),
(115, 2, 'admin', '2025-03-24', '2025-04-20 21:00:00', 'Logout', '2025-04-21 06:57:02'),
(116, 2, 'admin', '2025-03-24', '2025-04-20 21:00:00', 'Logout', '2025-04-21 06:57:02'),
(117, 2, 'admin', '2025-03-24', '2025-04-20 21:00:00', 'Logout', '2025-04-21 06:57:02'),
(118, 2, 'admin', '2025-03-24', '2025-04-20 21:00:00', 'Logout', '2025-04-21 06:57:02'),
(119, 2, 'admin', '2025-03-24', '2025-04-20 21:00:00', 'Logout', '2025-04-21 06:57:02'),
(120, 2, 'admin', '2025-03-24', '2025-04-20 21:00:00', 'Logout', '2025-04-21 06:57:02'),
(121, 2, 'admin', '2025-03-24', '2025-04-20 21:00:00', 'Logout', '2025-04-21 06:57:02'),
(122, 2, 'admin', '2025-03-24', '2025-04-20 21:00:00', 'Logout', '2025-04-21 06:57:02'),
(123, 2, 'admin', '2025-03-24', '2025-04-20 21:00:00', 'Logout', '2025-04-21 06:57:02'),
(124, 2, 'admin', '2025-03-24', '2025-04-20 21:00:00', 'Logout', '2025-04-21 06:57:02'),
(125, 2, 'admin', '2025-03-25', '2025-04-20 21:00:00', 'Logout', '2025-04-21 06:57:02'),
(126, 2, 'admin', '2025-03-25', '2025-04-20 21:00:00', 'Logout', '2025-04-21 06:57:02'),
(127, 2, 'admin', '2025-03-25', '2025-04-20 21:00:00', 'Logout', '2025-04-21 06:57:02'),
(128, 2, 'admin', '2025-03-25', '2025-04-20 21:00:00', 'Logout', '2025-04-21 06:57:02'),
(129, 2, 'admin', '2025-03-25', '2025-04-20 21:00:00', 'Logout', '2025-04-21 06:57:02'),
(130, 2, 'admin', '2025-03-25', '2025-04-20 21:00:00', 'Logout', '2025-04-21 06:57:02'),
(131, 2, 'admin', '2025-03-25', '2025-04-20 21:00:00', 'Logout', '2025-04-21 06:57:02'),
(132, 2, 'admin', '2025-03-25', '2025-04-20 21:00:00', 'Logout', '2025-04-21 06:57:02'),
(133, 2, 'admin', '2025-03-25', '2025-04-20 21:00:00', 'Logout', '2025-04-21 06:57:02'),
(134, 2, 'admin', '2025-03-25', '2025-04-20 21:00:00', 'Logout', '2025-04-21 06:57:02'),
(135, 2, 'admin', '2025-03-25', '2025-04-20 21:00:00', 'Logout', '2025-04-21 06:57:02'),
(136, 2, 'admin', '2025-03-25', '2025-04-20 21:00:00', 'Logout', '2025-04-21 06:57:02'),
(137, 2, 'admin', '2025-03-25', '2025-04-20 21:00:00', 'Logout', '2025-04-21 06:57:02'),
(138, 2, 'admin', '2025-03-25', '2025-04-20 21:00:00', 'Logout', '2025-04-21 06:57:02'),
(139, 2, 'admin', '2025-03-25', '2025-04-20 21:00:00', 'Logout', '2025-04-21 06:57:02'),
(140, 2, 'admin', '2025-03-25', '2025-04-20 21:00:00', 'Logout', '2025-04-21 06:57:02'),
(141, 2, 'admin', '2025-03-25', '2025-04-20 21:00:00', 'Logout', '2025-04-21 06:57:02'),
(142, 2, 'admin', '2025-03-25', '2025-04-20 21:00:00', 'Logout', '2025-04-21 06:57:02'),
(143, 2, 'admin', '2025-03-25', '2025-04-20 21:00:00', 'Logout', '2025-04-21 06:57:02'),
(144, 1, 'System', '2025-03-25', '2025-03-24 22:00:00', '', '2025-04-20 20:45:55'),
(145, 1, 'System', '2025-03-25', '2025-03-24 22:00:00', '', '2025-04-20 20:45:55'),
(146, 1, 'System', '2025-03-25', '2025-03-24 22:00:00', '', '2025-04-20 20:45:55'),
(147, 1, 'System', '2025-03-25', '2025-03-24 22:00:00', '', '2025-04-20 20:45:55'),
(148, 1, 'System', '2025-03-25', '2025-03-24 22:00:00', '', '2025-04-20 20:45:55'),
(149, 1, 'System', '2025-03-25', '2025-03-24 22:00:00', '', '2025-04-20 20:45:55'),
(150, 1, 'System', '2025-03-25', '2025-03-24 22:00:00', '', '2025-04-20 20:45:55'),
(151, 1, 'System', '2025-03-25', '2025-03-24 22:00:00', '', '2025-04-20 20:45:55'),
(152, 1, 'System', '2025-03-25', '2025-03-24 22:00:00', '', '2025-04-20 20:45:55'),
(153, 1, 'System', '2025-03-25', '2025-03-24 22:00:00', '', '2025-04-20 20:45:55'),
(154, 1, 'System', '2025-03-25', '2025-03-24 22:00:00', '', '2025-04-20 20:45:55'),
(155, 1, 'System', '2025-03-25', '2025-03-24 22:00:00', '', '2025-04-20 20:45:55'),
(156, 1, 'System', '2025-03-25', '2025-03-24 22:00:00', '', '2025-04-20 20:45:55'),
(157, 1, 'System', '2025-03-25', '2025-03-24 22:00:00', '', '2025-04-20 20:45:55'),
(158, 1, 'System', '2025-03-25', '2025-03-24 22:00:00', '', '2025-04-20 20:45:55'),
(159, 1, 'System', '2025-03-25', '2025-03-24 22:00:00', '', '2025-04-20 20:45:55'),
(160, 1, 'System', '2025-03-25', '2025-03-24 22:00:00', '', '2025-04-20 20:45:55'),
(161, 1, 'System', '2025-03-25', '2025-03-24 22:00:00', '', '2025-04-20 20:45:55'),
(162, 1, 'System', '2025-03-25', '2025-03-24 22:00:00', '', '2025-04-20 20:45:55'),
(163, 1, 'System', '2025-03-25', '2025-03-24 22:00:00', '', '2025-04-20 20:45:55'),
(164, 1, 'System', '2025-03-25', '2025-03-24 22:00:00', '', '2025-04-20 20:45:55'),
(165, 1, 'System', '2025-03-25', '2025-03-24 22:00:00', '', '2025-04-20 20:45:55'),
(166, 1, 'System', '2025-03-25', '2025-03-24 22:00:00', '', '2025-04-20 20:45:55'),
(167, 1, 'System', '2025-03-25', '2025-03-24 22:00:00', '', '2025-04-20 20:45:55'),
(168, 1, 'System', '2025-03-25', '2025-03-24 22:00:00', '', '2025-04-20 20:45:55'),
(169, 1, 'System', '2025-03-25', '2025-03-24 22:00:00', '', '2025-04-20 20:45:55'),
(170, 1, 'System', '2025-03-25', '2025-03-24 22:00:00', '', '2025-04-20 20:45:55'),
(171, 1, 'System', '2025-03-25', '2025-03-24 22:00:00', '', '2025-04-20 20:45:55'),
(172, 1, 'System', '2025-03-25', '2025-03-24 22:00:00', '', '2025-04-20 20:45:55'),
(173, 2, 'admin', '2025-03-26', '2025-04-20 21:00:00', 'Logout', '2025-04-21 06:57:02'),
(174, 2, 'admin', '2025-03-26', '2025-04-20 21:00:00', 'Logout', '2025-04-21 06:57:02'),
(175, 2, 'admin', '2025-03-26', '2025-04-20 21:00:00', 'Logout', '2025-04-21 06:57:02'),
(176, 2, 'admin', '2025-03-26', '2025-04-20 21:00:00', 'Logout', '2025-04-21 06:57:02'),
(177, 2, 'admin', '2025-03-26', '2025-04-20 21:00:00', 'Logout', '2025-04-21 06:57:02'),
(178, 2, 'admin', '2025-03-26', '2025-04-20 21:00:00', 'Logout', '2025-04-21 06:57:02'),
(179, 2, 'admin', '2025-03-26', '2025-04-20 21:00:00', 'Logout', '2025-04-21 06:57:02'),
(180, 2, 'admin', '2025-03-26', '2025-04-20 21:00:00', 'Logout', '2025-04-21 06:57:02'),
(181, 2, 'admin', '2025-03-26', '2025-04-20 21:00:00', 'Logout', '2025-04-21 06:57:02'),
(182, 2, 'admin', '2025-03-26', '2025-04-20 21:00:00', 'Logout', '2025-04-21 06:57:02'),
(183, 2, 'admin', '2025-03-26', '2025-04-20 21:00:00', 'Logout', '2025-04-21 06:57:02'),
(184, 2, 'admin', '2025-03-26', '2025-04-20 21:00:00', 'Logout', '2025-04-21 06:57:02'),
(185, 2, 'admin', '2025-03-26', '2025-04-20 21:00:00', 'Logout', '2025-04-21 06:57:02'),
(186, 2, 'admin', '2025-03-26', '2025-04-20 21:00:00', 'Logout', '2025-04-21 06:57:02'),
(187, 2, 'admin', '2025-03-26', '2025-04-20 21:00:00', 'Logout', '2025-04-21 06:57:02'),
(188, 2, 'admin', '2025-03-26', '2025-04-20 21:00:00', 'Logout', '2025-04-21 06:57:02'),
(189, 1, 'System', '2025-03-26', '2025-03-25 22:00:00', '', '2025-04-20 20:45:55'),
(190, 1, 'System', '2025-03-26', '2025-03-25 22:00:00', '', '2025-04-20 20:45:55'),
(194, 2, 'admin', '2025-03-26', '2025-04-20 21:00:00', 'Logout', '2025-04-21 06:57:02'),
(195, 1, 'System', '2025-03-26', '2025-03-25 22:00:00', '', '2025-04-20 20:45:55'),
(196, 1, 'System', '2025-03-26', '2025-03-25 22:00:00', '', '2025-04-20 20:45:55'),
(197, 1, 'System', '2025-03-26', '2025-03-25 22:00:00', '', '2025-04-20 20:45:55'),
(198, 2, 'admin', '2025-03-26', '2025-04-20 21:00:00', 'Logout', '2025-04-21 06:57:02'),
(199, 2, 'admin', '2025-03-26', '2025-04-20 21:00:00', 'Logout', '2025-04-21 06:57:02'),
(200, 2, 'admin', '2025-03-27', '2025-04-20 21:00:00', 'Logout', '2025-04-21 06:57:02'),
(201, 2, 'admin', '2025-03-27', '2025-04-20 21:00:00', 'Logout', '2025-04-21 06:57:02'),
(202, 2, 'admin', '2025-03-27', '2025-04-20 21:00:00', 'Logout', '2025-04-21 06:57:02'),
(203, 2, 'admin', '2025-03-27', '2025-04-20 21:00:00', 'Logout', '2025-04-21 06:57:02'),
(204, 2, 'admin', '2025-03-28', '2025-04-20 21:00:00', 'Logout', '2025-04-21 06:57:02'),
(205, 2, 'admin', '2025-03-28', '2025-04-20 21:00:00', 'Logout', '2025-04-21 06:57:02'),
(206, 2, 'admin', '2025-03-28', '2025-04-20 21:00:00', 'Logout', '2025-04-21 06:57:02'),
(207, 2, 'admin', '2025-03-28', '2025-04-20 21:00:00', 'Logout', '2025-04-21 06:57:02'),
(208, 2, 'admin', '2025-03-28', '2025-04-20 21:00:00', 'Logout', '2025-04-21 06:57:02'),
(209, 2, 'admin', '2025-03-28', '2025-04-20 21:00:00', 'Logout', '2025-04-21 06:57:02'),
(210, 2, 'admin', '2025-03-28', '2025-04-20 21:00:00', 'Logout', '2025-04-21 06:57:02'),
(211, 2, 'admin', '2025-03-28', '2025-04-20 21:00:00', 'Logout', '2025-04-21 06:57:02'),
(212, 2, 'admin', '2025-03-28', '2025-04-20 21:00:00', 'Logout', '2025-04-21 06:57:02'),
(213, 2, 'admin', '2025-03-28', '2025-04-20 21:00:00', 'Logout', '2025-04-21 06:57:02'),
(214, 2, 'admin', '2025-03-28', '2025-04-20 21:00:00', 'Logout', '2025-04-21 06:57:02'),
(215, 2, 'admin', '2025-03-28', '2025-04-20 21:00:00', 'Logout', '2025-04-21 06:57:02'),
(216, 2, 'admin', '2025-03-28', '2025-04-20 21:00:00', 'Logout', '2025-04-21 06:57:02'),
(217, 2, 'admin', '2025-03-28', '2025-04-20 21:00:00', 'Logout', '2025-04-21 06:57:02'),
(218, 2, 'admin', '2025-03-28', '2025-04-20 21:00:00', 'Logout', '2025-04-21 06:57:02'),
(219, 2, 'admin', '2025-03-28', '2025-04-20 21:00:00', 'Logout', '2025-04-21 06:57:02'),
(220, 2, 'admin', '2025-03-28', '2025-04-20 21:00:00', 'Logout', '2025-04-21 06:57:02'),
(221, 2, 'admin', '2025-03-28', '2025-04-20 21:00:00', 'Logout', '2025-04-21 06:57:02'),
(222, 2, 'admin', '2025-03-28', '2025-04-20 21:00:00', 'Logout', '2025-04-21 06:57:02'),
(223, 2, 'admin', '2025-03-28', '2025-04-20 21:00:00', 'Logout', '2025-04-21 06:57:02'),
(224, 2, 'admin', '2025-03-28', '2025-04-20 21:00:00', 'Logout', '2025-04-21 06:57:02'),
(225, 2, 'admin', '2025-03-28', '2025-04-20 21:00:00', 'Logout', '2025-04-21 06:57:02'),
(226, 2, 'admin', '2025-03-28', '2025-04-20 21:00:00', 'Logout', '2025-04-21 06:57:02'),
(227, 2, 'admin', '2025-03-28', '2025-04-20 21:00:00', 'Logout', '2025-04-21 06:57:02'),
(228, 2, 'admin', '2025-03-28', '2025-04-20 21:00:00', 'Logout', '2025-04-21 06:57:02'),
(229, 2, 'admin', '2025-03-28', '2025-04-20 21:00:00', 'Logout', '2025-04-21 06:57:02'),
(230, 2, 'admin', '2025-03-28', '2025-04-20 21:00:00', 'Logout', '2025-04-21 06:57:02'),
(231, 2, 'admin', '2025-03-28', '2025-04-20 21:00:00', 'Logout', '2025-04-21 06:57:02'),
(232, 2, 'admin', '2025-03-29', '2025-04-20 21:00:00', 'Logout', '2025-04-21 06:57:02'),
(233, 2, 'admin', '2025-03-29', '2025-04-20 21:00:00', 'Logout', '2025-04-21 06:57:02'),
(234, 2, 'admin', '2025-03-29', '2025-04-20 21:00:00', 'Logout', '2025-04-21 06:57:02'),
(235, 2, 'admin', '2025-03-29', '2025-04-20 21:00:00', 'Logout', '2025-04-21 06:57:02'),
(236, 2, 'admin', '2025-03-29', '2025-04-20 21:00:00', 'Logout', '2025-04-21 06:57:02'),
(237, 2, 'admin', '2025-03-29', '2025-04-20 21:00:00', 'Logout', '2025-04-21 06:57:02'),
(238, 2, 'admin', '2025-03-29', '2025-04-20 21:00:00', 'Logout', '2025-04-21 06:57:02'),
(239, 2, 'admin', '2025-03-29', '2025-04-20 21:00:00', 'Logout', '2025-04-21 06:57:02'),
(240, 2, 'admin', '2025-03-29', '2025-04-20 21:00:00', 'Logout', '2025-04-21 06:57:02'),
(241, 2, 'admin', '2025-03-29', '2025-04-20 21:00:00', 'Logout', '2025-04-21 06:57:02'),
(242, 2, 'admin', '2025-03-29', '2025-04-20 21:00:00', 'Logout', '2025-04-21 06:57:02'),
(243, 2, 'admin', '2025-03-29', '2025-04-20 21:00:00', 'Logout', '2025-04-21 06:57:02'),
(244, 2, 'admin', '2025-03-29', '2025-04-20 21:00:00', 'Logout', '2025-04-21 06:57:02'),
(245, 2, 'admin', '2025-03-29', '2025-04-20 21:00:00', 'Logout', '2025-04-21 06:57:02'),
(246, 2, 'admin', '2025-03-29', '2025-04-20 21:00:00', 'Logout', '2025-04-21 06:57:02'),
(247, 2, 'admin', '2025-03-29', '2025-04-20 21:00:00', 'Logout', '2025-04-21 06:57:02'),
(248, 2, 'admin', '2025-03-29', '2025-04-20 21:00:00', 'Logout', '2025-04-21 06:57:02'),
(249, 2, 'admin', '2025-03-29', '2025-04-20 21:00:00', 'Logout', '2025-04-21 06:57:02'),
(250, 2, 'admin', '2025-03-29', '2025-04-20 21:00:00', 'Logout', '2025-04-21 06:57:02'),
(251, 2, 'admin', '2025-03-29', '2025-04-20 21:00:00', 'Logout', '2025-04-21 06:57:02'),
(252, 2, 'admin', '2025-03-29', '2025-04-20 21:00:00', 'Logout', '2025-04-21 06:57:02'),
(253, 2, 'admin', '2025-03-29', '2025-04-20 21:00:00', 'Logout', '2025-04-21 06:57:02'),
(254, 2, 'admin', '2025-03-29', '2025-04-20 21:00:00', 'Logout', '2025-04-21 06:57:02'),
(255, 2, 'admin', '2025-03-29', '2025-04-20 21:00:00', 'Logout', '2025-04-21 06:57:02'),
(256, 2, 'admin', '2025-03-29', '2025-04-20 21:00:00', 'Logout', '2025-04-21 06:57:02'),
(257, 2, 'admin', '2025-03-29', '2025-04-20 21:00:00', 'Logout', '2025-04-21 06:57:02'),
(258, 2, 'admin', '2025-03-30', '2025-04-20 21:00:00', 'Logout', '2025-04-21 06:57:02'),
(259, 2, 'admin', '2025-03-30', '2025-04-20 21:00:00', 'Logout', '2025-04-21 06:57:02'),
(260, 2, 'admin', '2025-03-30', '2025-04-20 21:00:00', 'Logout', '2025-04-21 06:57:02'),
(261, 2, 'admin', '2025-03-30', '2025-04-20 21:00:00', 'Logout', '2025-04-21 06:57:02'),
(262, 2, 'admin', '2025-03-30', '2025-04-20 21:00:00', 'Logout', '2025-04-21 06:57:02'),
(263, 2, 'admin', '2025-03-30', '2025-04-20 21:00:00', 'Logout', '2025-04-21 06:57:02'),
(264, 2, 'admin', '2025-03-30', '2025-04-20 21:00:00', 'Logout', '2025-04-21 06:57:02'),
(265, 2, 'admin', '2025-03-30', '2025-04-20 21:00:00', 'Logout', '2025-04-21 06:57:02'),
(266, 2, 'admin', '2025-03-30', '2025-04-20 21:00:00', 'Logout', '2025-04-21 06:57:02'),
(267, 2, 'admin', '2025-03-30', '2025-04-20 21:00:00', 'Logout', '2025-04-21 06:57:02'),
(268, 2, 'admin', '2025-03-30', '2025-04-20 21:00:00', 'Logout', '2025-04-21 06:57:02'),
(269, 2, 'admin', '2025-03-30', '2025-04-20 21:00:00', 'Logout', '2025-04-21 06:57:02'),
(270, 2, 'admin', '2025-03-30', '2025-04-20 21:00:00', 'Logout', '2025-04-21 06:57:02'),
(271, 2, 'admin', '2025-03-30', '2025-04-20 21:00:00', 'Logout', '2025-04-21 06:57:02'),
(272, 2, 'admin', '2025-03-31', '2025-04-20 21:00:00', 'Logout', '2025-04-21 06:57:02'),
(273, 2, 'admin', '2025-03-31', '2025-04-20 21:00:00', 'Logout', '2025-04-21 06:57:02'),
(274, 2, 'admin', '2025-03-31', '2025-04-20 21:00:00', 'Logout', '2025-04-21 06:57:02'),
(275, 2, 'admin', '2025-03-31', '2025-04-20 21:00:00', 'Logout', '2025-04-21 06:57:02'),
(276, 2, 'admin', '2025-03-31', '2025-04-20 21:00:00', 'Logout', '2025-04-21 06:57:02'),
(277, 2, 'admin', '2025-03-31', '2025-04-20 21:00:00', 'Logout', '2025-04-21 06:57:02'),
(278, 2, 'admin', '2025-03-31', '2025-04-20 21:00:00', 'Logout', '2025-04-21 06:57:02'),
(279, 2, 'admin', '2025-03-31', '2025-04-20 21:00:00', 'Logout', '2025-04-21 06:57:02'),
(280, 2, 'admin', '2025-03-31', '2025-04-20 21:00:00', 'Logout', '2025-04-21 06:57:02'),
(281, 2, 'admin', '2025-03-31', '2025-04-20 21:00:00', 'Logout', '2025-04-21 06:57:02'),
(282, 2, 'admin', '2025-03-31', '2025-04-20 21:00:00', 'Logout', '2025-04-21 06:57:02'),
(283, 2, 'admin', '2025-03-31', '2025-04-20 21:00:00', 'Logout', '2025-04-21 06:57:02'),
(284, 2, 'admin', '2025-03-31', '2025-04-20 21:00:00', 'Logout', '2025-04-21 06:57:02'),
(285, 2, 'admin', '2025-03-31', '2025-04-20 21:00:00', 'Logout', '2025-04-21 06:57:02'),
(286, 2, 'admin', '2025-03-31', '2025-04-20 21:00:00', 'Logout', '2025-04-21 06:57:02'),
(287, 2, 'admin', '2025-03-31', '2025-04-20 21:00:00', 'Logout', '2025-04-21 06:57:02'),
(288, 2, 'admin', '2025-03-31', '2025-04-20 21:00:00', 'Logout', '2025-04-21 06:57:02'),
(289, 2, 'admin', '2025-03-31', '2025-04-20 21:00:00', 'Logout', '2025-04-21 06:57:02'),
(290, 2, 'admin', '2025-03-31', '2025-04-20 21:00:00', 'Logout', '2025-04-21 06:57:02'),
(291, 2, 'admin', '2025-03-31', '2025-04-20 21:00:00', 'Logout', '2025-04-21 06:57:02'),
(292, 2, 'admin', '2025-03-31', '2025-04-20 21:00:00', 'Logout', '2025-04-21 06:57:02'),
(293, 2, 'admin', '2025-03-31', '2025-04-20 21:00:00', 'Logout', '2025-04-21 06:57:02'),
(294, 2, 'admin', '2025-03-31', '2025-04-20 21:00:00', 'Logout', '2025-04-21 06:57:02'),
(295, 2, 'admin', '2025-03-31', '2025-04-20 21:00:00', 'Logout', '2025-04-21 06:57:02'),
(296, 2, 'admin', '2025-03-31', '2025-04-20 21:00:00', 'Logout', '2025-04-21 06:57:02'),
(297, 2, 'admin', '2025-03-31', '2025-04-20 21:00:00', 'Logout', '2025-04-21 06:57:02'),
(298, 2, 'admin', '2025-03-31', '2025-04-20 21:00:00', 'Logout', '2025-04-21 06:57:02'),
(299, 2, 'admin', '2025-03-31', '2025-04-20 21:00:00', 'Logout', '2025-04-21 06:57:02'),
(300, 2, 'admin', '2025-03-31', '2025-04-20 21:00:00', 'Logout', '2025-04-21 06:57:02'),
(301, 2, 'admin', '2025-03-31', '2025-04-20 21:00:00', 'Logout', '2025-04-21 06:57:02'),
(302, 2, 'admin', '2025-03-31', '2025-04-20 21:00:00', 'Logout', '2025-04-21 06:57:02'),
(303, 2, 'admin', '2025-03-31', '2025-04-20 21:00:00', 'Logout', '2025-04-21 06:57:02'),
(304, 2, 'admin', '2025-03-31', '2025-04-20 21:00:00', 'Logout', '2025-04-21 06:57:02'),
(305, 2, 'admin', '2025-04-01', '2025-04-20 21:00:00', 'Logout', '2025-04-21 06:57:02'),
(306, 2, 'admin', '2025-04-01', '2025-04-20 21:00:00', 'Logout', '2025-04-21 06:57:02'),
(307, 2, 'admin', '2025-04-01', '2025-04-20 21:00:00', 'Logout', '2025-04-21 06:57:02'),
(308, 2, 'admin', '2025-04-01', '2025-04-20 21:00:00', 'Logout', '2025-04-21 06:57:02'),
(309, 2, 'admin', '2025-04-01', '2025-04-20 21:00:00', 'Logout', '2025-04-21 06:57:02'),
(310, 2, 'admin', '2025-04-01', '2025-04-20 21:00:00', 'Logout', '2025-04-21 06:57:02'),
(311, 2, 'admin', '2025-04-01', '2025-04-20 21:00:00', 'Logout', '2025-04-21 06:57:02'),
(312, 2, 'admin', '2025-04-02', '2025-04-20 21:00:00', 'Logout', '2025-04-21 06:57:02'),
(313, 46, 'Deleted camera', '2025-04-03', '2025-04-02 21:00:00', '', '2025-04-20 20:45:55'),
(318, 2, 'admin', '2025-04-04', '2025-04-20 21:00:00', 'Logout', '2025-04-21 06:57:02'),
(319, 2, 'admin', '2025-04-05', '2025-04-20 21:00:00', 'Logout', '2025-04-21 06:57:02'),
(320, 2, 'admin', '2025-04-06', '2025-04-20 21:00:00', 'Logout', '2025-04-21 06:57:02'),
(321, 2, 'admin', '2025-04-07', '2025-04-20 21:00:00', 'Logout', '2025-04-21 06:57:02'),
(322, 2, 'admin', '2025-04-07', '2025-04-20 21:00:00', 'Logout', '2025-04-21 06:57:02'),
(323, 2, 'admin', '2025-04-07', '2025-04-20 21:00:00', 'Logout', '2025-04-21 06:57:02'),
(324, 2, 'admin', '2025-04-07', '2025-04-20 21:00:00', 'Logout', '2025-04-21 06:57:02'),
(325, 1, 'ambelbasha', '2025-04-07', '2025-04-06 21:00:00', 'User ambelbasha logged in successfully.', '2025-04-20 20:45:55'),
(326, 2, 'admin', '2025-04-07', '2025-04-20 21:00:00', 'Logout', '2025-04-21 06:57:02'),
(327, 2, 'admin', '2025-04-07', '2025-04-20 21:00:00', 'Logout', '2025-04-21 06:57:02'),
(328, 2, 'admin', '2025-04-07', '2025-04-20 21:00:00', 'Logout', '2025-04-21 06:57:02'),
(329, 50, 'newuser', '2025-04-07', '2025-04-06 21:00:00', 'User newuser logged in successfully.', '2025-04-20 20:45:55'),
(330, 50, 'newuser', '2025-04-07', '2025-04-06 21:00:00', 'Deleted camera with ID: 1105', '2025-04-20 20:45:55'),
(331, 50, 'newuser', '2025-04-07', '2025-04-06 21:00:00', 'User newuser logged in successfully.', '2025-04-20 20:45:55'),
(332, 2, 'admin', '2025-04-07', '2025-04-20 21:00:00', 'Logout', '2025-04-21 06:57:02'),
(333, 2, 'admin', '2025-04-07', '2025-04-20 21:00:00', 'Logout', '2025-04-21 06:57:02'),
(334, 2, 'admin', '2025-04-07', '2025-04-20 21:00:00', 'Logout', '2025-04-21 06:57:02'),
(335, 49, 'TzoulTzel', '2025-04-07', '2025-04-20 21:00:00', 'Logout', '2025-04-21 06:57:53'),
(336, 2, 'admin', '2025-04-07', '2025-04-20 21:00:00', 'Logout', '2025-04-21 06:57:02'),
(337, 2, 'admin', '2025-04-07', '2025-04-20 21:00:00', 'Logout', '2025-04-21 06:57:02'),
(338, 2, 'admin', '2025-04-07', '2025-04-20 21:00:00', 'Logout', '2025-04-21 06:57:02'),
(339, 49, 'TzoulTzel', '2025-04-07', '2025-04-20 21:00:00', 'Logout', '2025-04-21 06:57:53'),
(340, 2, 'admin', '2025-04-07', '2025-04-20 21:00:00', 'Logout', '2025-04-21 06:57:02'),
(341, 2, 'admin', '2025-04-07', '2025-04-20 21:00:00', 'Logout', '2025-04-21 06:57:02'),
(342, 2, 'admin', '2025-04-07', '2025-04-20 21:00:00', 'Logout', '2025-04-21 06:57:02'),
(344, 2, 'admin', '2025-04-07', '2025-04-20 21:00:00', 'Logout', '2025-04-21 06:57:02'),
(345, 2, 'admin', '2025-04-07', '2025-04-20 21:00:00', 'Logout', '2025-04-21 06:57:02'),
(346, 2, 'admin', '2025-04-07', '2025-04-20 21:00:00', 'Logout', '2025-04-21 06:57:02'),
(347, 2, 'admin', '2025-04-07', '2025-04-20 21:00:00', 'Logout', '2025-04-21 06:57:02'),
(348, 2, 'admin', '2025-04-08', '2025-04-20 21:00:00', 'Logout', '2025-04-21 06:57:02'),
(349, 2, 'admin', '2025-04-08', '2025-04-20 21:00:00', 'Logout', '2025-04-21 06:57:02'),
(350, 2, 'admin', '2025-04-08', '2025-04-20 21:00:00', 'Logout', '2025-04-21 06:57:02'),
(351, 2, 'admin', '2025-04-08', '2025-04-20 21:00:00', 'Logout', '2025-04-21 06:57:02'),
(352, 2, 'admin', '2025-04-08', '2025-04-20 21:00:00', 'Logout', '2025-04-21 06:57:02'),
(353, 2, 'admin', '2025-04-08', '2025-04-20 21:00:00', 'Logout', '2025-04-21 06:57:02'),
(354, 2, 'admin', '2025-04-08', '2025-04-20 21:00:00', 'Logout', '2025-04-21 06:57:02'),
(355, 2, 'admin', '2025-04-08', '2025-04-20 21:00:00', 'Logout', '2025-04-21 06:57:02'),
(356, 2, 'admin', '2025-04-08', '2025-04-20 21:00:00', 'Logout', '2025-04-21 06:57:02'),
(357, 2, 'admin', '2025-04-08', '2025-04-20 21:00:00', 'Logout', '2025-04-21 06:57:02'),
(358, 2, 'admin', '2025-04-08', '2025-04-20 21:00:00', 'Logout', '2025-04-21 06:57:02'),
(359, 2, 'admin', '2025-04-08', '2025-04-20 21:00:00', 'Logout', '2025-04-21 06:57:02'),
(360, 44, 'evermadder', '2025-04-11', '2025-08-06 20:19:53', 'Deleted camera with ID: 1144', '2025-04-20 20:45:55'),
(361, 44, 'evermadder', '2025-04-11', '2025-08-06 20:19:53', 'Deleted camera with ID: 1147', '2025-04-20 20:45:55'),
(362, 1, 'ambelbasha', '2025-04-11', '2025-08-06 20:19:53', 'Deleted camera with ID: 908', '2025-04-20 20:45:55'),
(363, 2, 'admin', '2025-04-11', '2025-04-20 21:00:00', 'Logout', '2025-04-21 06:57:02'),
(364, 2, 'admin', '2025-04-12', '2025-04-20 21:00:00', 'Logout', '2025-04-21 06:57:02'),
(365, 2, 'admin', '2025-04-12', '2025-04-20 21:00:00', 'Logout', '2025-04-21 06:57:02'),
(366, 2, 'admin', '2025-04-14', '2025-04-20 21:00:00', 'Logout', '2025-04-21 06:57:02'),
(368, 2, 'admin', '2025-04-15', '2025-04-20 21:00:00', 'Logout', '2025-04-21 06:57:02'),
(369, 2, 'admin', '2025-04-15', '2025-04-20 21:00:00', 'Logout', '2025-04-21 06:57:02'),
(370, 2, 'admin', '2025-04-17', '2025-04-20 21:00:00', 'Logout', '2025-04-21 06:57:02'),
(372, 2, 'admin', '2025-04-18', '2025-04-20 21:00:00', 'Logout', '2025-04-21 06:57:02'),
(373, 2, 'admin', '2025-04-18', '2025-04-20 21:00:00', 'Logout', '2025-04-21 06:57:02'),
(374, 2, 'admin', '2025-04-18', '2025-04-20 21:00:00', 'Logout', '2025-04-21 06:57:02'),
(375, 2, 'admin', '2025-04-18', '2025-04-20 21:00:00', 'Logout', '2025-04-21 06:57:02'),
(376, 2, 'admin', '2025-04-18', '2025-04-20 21:00:00', 'Logout', '2025-04-21 06:57:02'),
(377, 2, 'admin', '2025-04-18', '2025-04-20 21:00:00', 'Logout', '2025-04-21 06:57:02'),
(378, 2, 'admin', '2025-04-18', '2025-04-20 21:00:00', 'Logout', '2025-04-21 06:57:02'),
(379, 2, 'admin', '2025-04-18', '2025-04-20 21:00:00', 'Logout', '2025-04-21 06:57:02'),
(380, 2, 'admin', '2025-04-18', '2025-04-20 21:00:00', 'Logout', '2025-04-21 06:57:02'),
(381, 2, 'admin', '2025-04-18', '2025-04-20 21:00:00', 'Logout', '2025-04-21 06:57:02'),
(382, 2, 'admin', '2025-04-18', '2025-04-20 21:00:00', 'Logout', '2025-04-21 06:57:02'),
(383, 2, 'admin', '2025-04-18', '2025-04-20 21:00:00', 'Logout', '2025-04-21 06:57:02'),
(384, 2, 'admin', '2025-04-18', '2025-04-20 21:00:00', 'Logout', '2025-04-21 06:57:02'),
(385, 2, 'admin', '2025-04-18', '2025-04-20 21:00:00', 'Logout', '2025-04-21 06:57:02'),
(386, 2, 'admin', '2025-04-18', '2025-04-20 21:00:00', 'Logout', '2025-04-21 06:57:02'),
(387, 2, 'admin', '2025-04-18', '2025-04-20 21:00:00', 'Logout', '2025-04-21 06:57:02'),
(388, 2, 'admin', '2025-04-19', '2025-04-20 21:00:00', 'Logout', '2025-04-21 06:57:02'),
(389, 2, 'admin', '2025-04-19', '2025-04-20 21:00:00', 'Logout', '2025-04-21 06:57:02'),
(390, 2, 'admin', '2025-04-19', '2025-04-20 21:00:00', 'Logout', '2025-04-21 06:57:02'),
(391, 2, 'admin', '2025-04-19', '2025-04-20 21:00:00', 'Logout', '2025-04-21 06:57:02'),
(392, 2, 'admin', '2025-04-19', '2025-04-20 21:00:00', 'Logout', '2025-04-21 06:57:02'),
(393, 2, 'admin', '2025-04-19', '2025-04-20 21:00:00', 'Logout', '2025-04-21 06:57:02'),
(394, 2, 'admin', '2025-04-19', '2025-04-20 21:00:00', 'Logout', '2025-04-21 06:57:02'),
(395, 2, 'admin', '2025-04-19', '2025-04-20 21:00:00', 'Logout', '2025-04-21 06:57:02'),
(396, 2, 'admin', '2025-04-19', '2025-04-20 21:00:00', 'Logout', '2025-04-21 06:57:02'),
(397, 2, 'admin', '2025-04-19', '2025-04-20 21:00:00', 'Logout', '2025-04-21 06:57:02'),
(398, 58, 'minithemoocher', '2025-04-19', '2025-04-18 21:00:00', 'User registered', '2025-04-20 20:45:55'),
(399, 59, 'admingama', '2025-04-19', '2025-04-18 21:00:00', 'User registered', '2025-04-20 20:45:55'),
(400, 2, 'admin', '2025-04-19', '2025-04-20 21:00:00', 'Logout', '2025-04-21 06:57:02'),
(401, 2, 'admin', '2025-04-19', '2025-04-20 21:00:00', 'Logout', '2025-04-21 06:57:02'),
(402, 60, 'ambelbashabbbbbb', '2025-04-19', '2025-04-18 21:00:00', 'User logged in', '2025-04-20 20:45:55'),
(403, 60, 'ambelbashabbbbbb', '2025-04-19', '2025-04-18 21:00:00', 'User logged in', '2025-04-20 20:45:55'),
(404, 2, 'admin', '2025-04-19', '2025-04-20 21:00:00', 'Logout', '2025-04-21 06:57:02'),
(405, 2, 'admin', '2025-04-19', '2025-04-20 21:00:00', 'Logout', '2025-04-21 06:57:02'),
(406, 2, 'admin', '2025-04-19', '2025-04-20 21:00:00', 'Logout', '2025-04-21 06:57:02'),
(407, 2, 'admin', '2025-04-19', '2025-04-20 21:00:00', 'Logout', '2025-04-21 06:57:02'),
(408, 2, 'admin', '2025-04-19', '2025-04-20 21:00:00', 'Logout', '2025-04-21 06:57:02'),
(409, 2, 'admin', '2025-04-19', '2025-04-20 21:00:00', 'Logout', '2025-04-21 06:57:02'),
(410, 2, 'admin', '2025-04-19', '2025-04-20 21:00:00', 'Logout', '2025-04-21 06:57:02'),
(411, 2, 'admin', '2025-04-19', '2025-04-20 21:00:00', 'Logout', '2025-04-21 06:57:02'),
(412, 2, 'admin', '2025-04-19', '2025-04-20 21:00:00', 'Logout', '2025-04-21 06:57:02'),
(413, 2, 'admin', '2025-04-19', '2025-04-20 21:00:00', 'Logout', '2025-04-21 06:57:02'),
(414, 2, 'admin', '2025-04-19', '2025-04-20 21:00:00', 'Logout', '2025-04-21 06:57:02'),
(415, 2, 'admin', '2025-04-19', '2025-04-20 21:00:00', 'Logout', '2025-04-21 06:57:02'),
(416, 2, 'admin', '2025-04-19', '2025-04-20 21:00:00', 'Logout', '2025-04-21 06:57:02'),
(417, 2, 'admin', '2025-04-19', '2025-04-20 21:00:00', 'Logout', '2025-04-21 06:57:02'),
(418, 2, 'admin', '2025-04-19', '2025-04-20 21:00:00', 'Logout', '2025-04-21 06:57:02'),
(419, 2, 'admin', '2025-04-19', '2025-04-20 21:00:00', 'Logout', '2025-04-21 06:57:02'),
(420, 2, 'admin', '2025-04-19', '2025-04-20 21:00:00', 'Logout', '2025-04-21 06:57:02'),
(421, 2, 'admin', '2025-04-19', '2025-04-20 21:00:00', 'Logout', '2025-04-21 06:57:02'),
(422, 61, 'ambelbashamail', '2025-04-19', '2025-04-18 21:00:00', 'User registered', '2025-04-20 20:45:55'),
(423, 61, 'ambelbashamail', '2025-04-19', '2025-04-18 21:00:00', 'User logged in', '2025-04-20 20:45:55'),
(424, 2, 'admin', '2025-04-19', '2025-04-20 21:00:00', 'Logout', '2025-04-21 06:57:02'),
(425, 2, 'admin', '2025-04-19', '2025-04-20 21:00:00', 'Logout', '2025-04-21 06:57:02'),
(426, 2, 'admin', '2025-04-19', '2025-04-20 21:00:00', 'Logout', '2025-04-21 06:57:02'),
(427, 2, 'admin', '2025-04-19', '2025-04-20 21:00:00', 'Logout', '2025-04-21 06:57:02'),
(428, 2, 'admin', '2025-04-19', '2025-04-20 21:00:00', 'Logout', '2025-04-21 06:57:02'),
(429, 2, 'admin', '2025-04-19', '2025-04-20 21:00:00', 'Logout', '2025-04-21 06:57:02'),
(430, 2, 'admin', '2025-04-19', '2025-04-20 21:00:00', 'Logout', '2025-04-21 06:57:02'),
(431, 2, 'admin', '2025-04-19', '2025-04-20 21:00:00', 'Logout', '2025-04-21 06:57:02'),
(432, 2, 'admin', '2025-04-19', '2025-04-20 21:00:00', 'Logout', '2025-04-21 06:57:02'),
(433, 2, 'admin', '2025-04-19', '2025-04-20 21:00:00', 'Logout', '2025-04-21 06:57:02'),
(434, 2, 'admin', '2025-04-19', '2025-04-20 21:00:00', 'Logout', '2025-04-21 06:57:02'),
(435, 2, 'admin', '2025-04-19', '2025-04-20 21:00:00', 'Logout', '2025-04-21 06:57:02'),
(436, 2, 'admin', '2025-04-19', '2025-04-20 21:00:00', 'Logout', '2025-04-21 06:57:02'),
(437, 2, 'admin', '2025-04-19', '2025-04-20 21:00:00', 'Logout', '2025-04-21 06:57:02'),
(438, 2, 'admin', '2025-04-19', '2025-04-20 21:00:00', 'Logout', '2025-04-21 06:57:02'),
(439, 2, 'admin', '2025-04-19', '2025-04-20 21:00:00', 'Logout', '2025-04-21 06:57:02'),
(440, 2, 'admin', '2025-04-19', '2025-04-20 21:00:00', 'Logout', '2025-04-21 06:57:02'),
(441, 2, 'admin', '2025-04-19', '2025-04-20 21:00:00', 'Logout', '2025-04-21 06:57:02'),
(442, 2, 'admin', '2025-04-19', '2025-04-20 21:00:00', 'Logout', '2025-04-21 06:57:02'),
(443, 2, 'admin', '2025-04-19', '2025-04-20 21:00:00', 'Logout', '2025-04-21 06:57:02'),
(444, 2, 'admin', '2025-04-19', '2025-04-20 21:00:00', 'Logout', '2025-04-21 06:57:02'),
(445, 2, 'admin', '2025-04-19', '2025-04-20 21:00:00', 'Logout', '2025-04-21 06:57:02'),
(446, 2, 'admin', '2025-04-19', '2025-04-20 21:00:00', 'Logout', '2025-04-21 06:57:02'),
(447, 2, 'admin', '2025-04-19', '2025-04-20 21:00:00', 'Logout', '2025-04-21 06:57:02'),
(448, 2, 'admin', '2025-04-19', '2025-04-20 21:00:00', 'Logout', '2025-04-21 06:57:02'),
(449, 2, 'admin', '2025-04-19', '2025-04-20 21:00:00', 'Logout', '2025-04-21 06:57:02'),
(450, 2, 'admin', '2025-04-19', '2025-04-20 21:00:00', 'Logout', '2025-04-21 06:57:02'),
(451, 2, 'admin', '2025-04-19', '2025-04-20 21:00:00', 'Logout', '2025-04-21 06:57:02'),
(452, 2, 'admin', '2025-04-19', '2025-04-20 21:00:00', 'Logout', '2025-04-21 06:57:02'),
(453, 2, 'admin', '2025-04-19', '2025-04-20 21:00:00', 'Logout', '2025-04-21 06:57:02'),
(454, 2, 'admin', '2025-04-19', '2025-04-20 21:00:00', 'Logout', '2025-04-21 06:57:02'),
(455, 2, 'admin', '2025-04-19', '2025-04-20 21:00:00', 'Logout', '2025-04-21 06:57:02'),
(456, 2, 'admin', '2025-04-19', '2025-04-20 21:00:00', 'Logout', '2025-04-21 06:57:02'),
(457, 2, 'admin', '2025-04-19', '2025-04-20 21:00:00', 'Logout', '2025-04-21 06:57:02'),
(458, 2, 'admin', '2025-04-19', '2025-04-20 21:00:00', 'Logout', '2025-04-21 06:57:02'),
(459, 2, 'admin', '2025-04-19', '2025-04-20 21:00:00', 'Logout', '2025-04-21 06:57:02'),
(460, 2, 'admin', '2025-04-19', '2025-04-20 21:00:00', 'Logout', '2025-04-21 06:57:02'),
(461, 2, 'admin', '2025-04-19', '2025-04-20 21:00:00', 'Logout', '2025-04-21 06:57:02'),
(462, 2, 'admin', '2025-04-19', '2025-04-20 21:00:00', 'Logout', '2025-04-21 06:57:02'),
(463, 2, 'admin', '2025-04-19', '2025-04-20 21:00:00', 'Logout', '2025-04-21 06:57:02'),
(464, 2, 'admin', '2025-04-19', '2025-04-20 21:00:00', 'Logout', '2025-04-21 06:57:02'),
(465, 2, 'admin', '2025-04-19', '2025-04-20 21:00:00', 'Logout', '2025-04-21 06:57:02'),
(466, 2, 'admin', '2025-04-19', '2025-04-20 21:00:00', 'Logout', '2025-04-21 06:57:02'),
(467, 2, 'admin', '2025-04-19', '2025-04-20 21:00:00', 'Logout', '2025-04-21 06:57:02'),
(468, 2, 'admin', '2025-04-19', '2025-04-20 21:00:00', 'Logout', '2025-04-21 06:57:02'),
(469, 2, 'admin', '2025-04-19', '2025-04-20 21:00:00', 'Logout', '2025-04-21 06:57:02'),
(470, 2, 'admin', '2025-04-19', '2025-04-20 21:00:00', 'Logout', '2025-04-21 06:57:02'),
(471, 2, 'admin', '2025-04-19', '2025-04-20 21:00:00', 'Logout', '2025-04-21 06:57:02'),
(472, 2, 'admin', '2025-04-19', '2025-04-20 21:00:00', 'Logout', '2025-04-21 06:57:02'),
(473, 2, 'admin', '2025-04-19', '2025-04-20 21:00:00', 'Logout', '2025-04-21 06:57:02'),
(474, 2, 'admin', '2025-04-19', '2025-04-20 21:00:00', 'Logout', '2025-04-21 06:57:02'),
(475, 2, 'admin', '2025-04-19', '2025-04-20 21:00:00', 'Logout', '2025-04-21 06:57:02'),
(476, 2, 'admin', '2025-04-19', '2025-04-20 21:00:00', 'Logout', '2025-04-21 06:57:02'),
(477, 2, 'admin', '2025-04-19', '2025-04-20 21:00:00', 'Logout', '2025-04-21 06:57:02'),
(478, 2, 'admin', '2025-04-19', '2025-04-20 21:00:00', 'Logout', '2025-04-21 06:57:02'),
(479, 2, 'admin', '2025-04-19', '2025-04-20 21:00:00', 'Logout', '2025-04-21 06:57:02'),
(480, 2, 'admin', '2025-04-19', '2025-04-20 21:00:00', 'Logout', '2025-04-21 06:57:02'),
(481, 2, 'admin', '2025-04-19', '2025-04-20 21:00:00', 'Logout', '2025-04-21 06:57:02'),
(482, 2, 'admin', '2025-04-19', '2025-04-20 21:00:00', 'Logout', '2025-04-21 06:57:02'),
(483, 2, 'admin', '2025-04-19', '2025-04-20 21:00:00', 'Logout', '2025-04-21 06:57:02'),
(484, 2, 'admin', '2025-04-19', '2025-04-20 21:00:00', 'Logout', '2025-04-21 06:57:02'),
(485, 2, 'admin', '2025-04-19', '2025-04-20 21:00:00', 'Logout', '2025-04-21 06:57:02'),
(486, 2, 'admin', '2025-04-19', '2025-04-20 21:00:00', 'Logout', '2025-04-21 06:57:02'),
(487, 2, 'admin', '2025-04-19', '2025-04-20 21:00:00', 'Logout', '2025-04-21 06:57:02'),
(488, 2, 'admin', '2025-04-19', '2025-04-20 21:00:00', 'Logout', '2025-04-21 06:57:02'),
(489, 2, 'admin', '2025-04-19', '2025-04-20 21:00:00', 'Logout', '2025-04-21 06:57:02'),
(490, 2, 'admin', '2025-04-19', '2025-04-20 21:00:00', 'Logout', '2025-04-21 06:57:02'),
(491, 2, 'admin', '2025-04-19', '2025-04-20 21:00:00', 'Logout', '2025-04-21 06:57:02'),
(492, 2, 'admin', '2025-04-19', '2025-04-20 21:00:00', 'Logout', '2025-04-21 06:57:02'),
(493, 2, 'admin', '2025-04-19', '2025-04-20 21:00:00', 'Logout', '2025-04-21 06:57:02'),
(494, 2, 'admin', '2025-04-19', '2025-04-20 21:00:00', 'Logout', '2025-04-21 06:57:02'),
(495, 2, 'admin', '2025-04-19', '2025-04-20 21:00:00', 'Logout', '2025-04-21 06:57:02'),
(496, 2, 'admin', '2025-04-19', '2025-04-20 21:00:00', 'Logout', '2025-04-21 06:57:02'),
(497, 2, 'admin', '2025-04-20', '2025-04-20 21:00:00', 'Logout', '2025-04-21 06:57:02'),
(498, 2, 'admin', '2025-04-20', '2025-04-20 21:00:00', 'Logout', '2025-04-21 06:57:02'),
(499, 2, 'admin', '2025-04-20', '2025-04-20 21:00:00', 'Logout', '2025-04-21 06:57:02'),
(500, 2, 'admin', '2025-04-20', '2025-04-20 21:00:00', 'Logout', '2025-04-21 06:57:02'),
(501, 2, 'admin', '2025-04-20', '2025-04-20 21:00:00', 'Logout', '2025-04-21 06:57:02'),
(502, 2, 'admin', '2025-04-20', '2025-04-20 21:00:00', 'Logout', '2025-04-21 06:57:02'),
(503, 2, 'admin', '2025-04-20', '2025-04-20 21:00:00', 'Logout', '2025-04-21 06:57:02'),
(504, 2, 'admin', '2025-04-20', '2025-04-20 21:00:00', 'Logout', '2025-04-21 06:57:02'),
(505, 2, 'admin', '2025-04-20', '2025-04-20 21:00:00', 'Logout', '2025-04-21 06:57:02'),
(506, 2, 'admin', '2025-04-20', '2025-04-20 21:00:00', 'Logout', '2025-04-21 06:57:02'),
(507, 2, 'admin', '2025-04-20', '2025-04-20 21:00:00', 'Logout', '2025-04-21 06:57:02'),
(508, 2, 'admin', '2025-04-20', '2025-04-20 21:00:00', 'Logout', '2025-04-21 06:57:02'),
(509, 2, 'admin', '2025-04-20', '2025-04-20 21:00:00', 'Logout', '2025-04-21 06:57:02'),
(510, 2, 'admin', '2025-04-20', '2025-04-20 21:00:00', 'Logout', '2025-04-21 06:57:02'),
(511, 2, 'admin', '2025-04-20', '2025-04-20 21:00:00', 'Logout', '2025-04-21 06:57:02'),
(512, 2, 'admin', '2025-04-20', '2025-04-20 21:00:00', 'Logout', '2025-04-21 06:57:02'),
(513, 2, 'admin', '2025-04-20', '2025-04-20 21:00:00', 'Logout', '2025-04-21 06:57:02'),
(514, 2, 'admin', '2025-04-20', '2025-04-20 21:00:00', 'Logout', '2025-04-21 06:57:02'),
(515, 2, 'admin', '2025-04-20', '2025-04-20 21:00:00', 'Logout', '2025-04-21 06:57:02'),
(516, 2, 'admin', '2025-04-20', '2025-04-20 21:00:00', 'Logout', '2025-04-21 06:57:02'),
(517, 2, 'admin', '2025-04-20', '2025-04-20 21:00:00', 'Logout', '2025-04-21 06:57:02'),
(518, 2, 'admin', '2025-04-20', '2025-04-20 21:00:00', 'Logout', '2025-04-21 06:57:02'),
(530, 2, 'admin', '2025-04-20', '2025-04-20 21:00:00', 'Logout', '2025-04-21 06:57:02'),
(531, 2, 'admin', '2025-04-20', '2025-04-20 21:00:00', 'Logout', '2025-04-21 06:57:02'),
(532, 2, 'admin', '2025-04-20', '2025-04-20 21:00:00', 'Logout', '2025-04-21 06:57:02'),
(533, 2, 'admin', '2025-04-20', '2025-04-20 21:00:00', 'Logout', '2025-04-21 06:57:02'),
(534, 2, 'admin', '2025-04-20', '2025-04-20 21:00:00', 'Logout', '2025-04-21 06:57:02'),
(535, 2, 'admin', '2025-04-20', '2025-04-20 21:00:00', 'Logout', '2025-04-21 06:57:02'),
(536, 2, 'admin', '2025-04-20', '2025-04-20 21:00:00', 'Logout', '2025-04-21 06:57:02'),
(537, 2, 'admin', '2025-04-20', '2025-04-20 21:00:00', 'Logout', '2025-04-21 06:57:02'),
(538, 2, 'admin', '2025-04-20', '2025-04-20 21:00:00', 'Logout', '2025-04-21 06:57:02'),
(539, 2, 'admin', '2025-04-20', '2025-04-20 21:00:00', 'Logout', '2025-04-21 06:57:02'),
(540, 2, 'admin', '2025-04-20', '2025-04-20 21:00:00', 'Logout', '2025-04-21 06:57:02'),
(541, 2, 'admin', '2025-04-20', '2025-04-20 21:00:00', 'Logout', '2025-04-21 06:57:02'),
(542, 2, 'admin', '2025-04-20', '2025-04-20 21:00:00', 'Logout', '2025-04-21 06:57:02'),
(543, 2, 'admin', '2025-04-21', '2025-04-20 21:00:00', 'Logout', '2025-04-21 06:57:02'),
(544, 2, 'admin', '2025-04-21', '2025-04-20 21:00:00', 'Logout', '2025-04-21 06:57:02'),
(545, 2, 'admin', '2025-04-21', '2025-04-20 21:00:00', 'Logout', '2025-04-21 06:57:02'),
(546, 2, 'admin', '2025-04-21', '2025-04-20 21:00:00', 'Logout', '2025-04-21 06:57:02'),
(547, 2, 'admin', '2025-04-21', '2025-04-20 21:00:00', 'Logout', '2025-04-21 06:57:02'),
(548, 62, 'loopipalpha', '2025-04-21', '2025-04-19 21:00:00', 'Logout', '2025-04-20 18:14:33'),
(549, 62, 'loopipalpha', '2025-04-21', '2025-04-19 21:00:00', 'Logout', '2025-04-20 18:14:33'),
(550, 62, 'loopipalpha', '2025-04-21', '2025-04-19 21:00:00', 'Logout', '2025-04-20 18:14:33'),
(551, 62, 'loopipalpha', '2025-04-21', '2025-04-19 21:00:00', 'Logout', '2025-04-20 18:14:33'),
(552, 2, 'admin', '2025-04-21', '2025-04-20 21:00:00', 'Logout', '2025-04-21 06:57:02'),
(553, 2, 'admin', '2025-04-21', '2025-04-20 21:00:00', 'Logout', '2025-04-21 06:57:02'),
(554, 63, 'adminbetaalpha', '2025-04-21', '2025-04-19 21:00:00', 'register', '2025-04-20 21:20:29'),
(555, 63, 'adminbetaalpha', '2025-04-21', '2025-04-19 21:00:00', 'User registered', '2025-04-20 21:20:29'),
(556, 2, 'admin', '2025-04-21', '2025-04-20 21:00:00', 'Logout', '2025-04-21 06:57:02'),
(557, 2, 'admin', '2025-04-21', '2025-04-20 21:00:00', 'Logout', '2025-04-21 06:57:02'),
(558, 52, 'adminbeta', '2025-04-21', '2025-04-19 21:00:00', 'Logout', '2025-04-20 18:23:04'),
(562, 2, 'admin', '2025-04-21', '2025-04-20 21:00:00', 'Logout', '2025-04-21 06:57:02'),
(563, 2, 'admin', '2025-04-21', '2025-04-20 21:00:00', 'Logout', '2025-04-21 06:57:02'),
(565, 2, 'admin', '2025-04-21', '2025-04-20 21:00:00', 'Logout', '2025-04-21 06:57:02'),
(567, 2, 'admin', '2025-04-21', '2025-04-20 21:00:00', 'Logout', '2025-04-21 06:57:02'),
(572, 2, 'admin', '2025-04-21', '2025-04-20 21:00:00', 'Logout', '2025-04-21 06:57:02'),
(573, 2, 'admin', '2025-04-21', '2025-04-20 21:00:00', 'Logout', '2025-04-21 06:57:02'),
(575, 2, 'admin', '2025-04-21', '2025-04-20 21:00:00', 'Logout', '2025-04-21 06:57:02'),
(578, 2, 'admin', '2025-04-21', '2025-04-20 21:00:00', 'Logout', '2025-04-21 06:57:02'),
(579, 2, 'admin', '2025-04-21', '2025-04-20 21:00:00', 'Logout', '2025-04-21 06:57:02'),
(580, 2, 'admin', '2025-04-21', '2025-04-20 21:00:00', 'Logout', '2025-04-21 06:57:02'),
(581, 2, 'admin', '2025-04-21', '2025-04-20 21:00:00', 'Logout', '2025-04-21 06:57:02'),
(582, 2, 'admin', '2025-04-21', '2025-04-20 21:00:00', 'Logout', '2025-04-21 06:57:02'),
(583, 2, 'admin', '2025-04-21', '2025-04-20 21:00:00', 'Logout', '2025-04-21 06:57:02'),
(584, 2, 'admin', '2025-04-21', '2025-04-20 21:00:00', 'Logout', '2025-04-21 06:57:02'),
(585, 49, 'TzoulTzel', '2025-04-21', '2025-04-20 21:00:00', 'Logout', '2025-04-21 06:57:53'),
(586, 49, 'TzoulTzel', '2025-04-21', '2025-04-20 21:00:00', 'Logout', '2025-04-21 06:57:53'),
(587, 2, 'admin', '2025-08-06', '2025-08-06 20:34:04', 'Logout (session timeout)', '2025-08-06 20:34:04'),
(588, 2, 'admin', '2025-08-06', '2025-08-06 20:34:16', 'User logged in', '2025-08-06 20:34:16'),
(589, 2, 'admin', '2025-08-06', '2025-08-06 20:42:40', 'Logout (session timeout)', '2025-08-06 20:42:40'),
(590, 2, 'admin', '2025-08-07', '2025-08-06 21:22:25', 'Logout (session timeout)', '2025-08-06 21:22:25'),
(591, 2, 'admin', '2025-08-06', '2025-08-06 21:44:41', 'Profile image changed', '2025-08-06 21:44:41'),
(592, 2, 'admin', '2025-08-07', '2025-08-06 22:03:26', 'Logout (session timeout)', '2025-08-06 22:03:26'),
(593, 2, 'admin', '2025-08-07', '2025-08-06 22:03:47', 'Logout (session timeout)', '2025-08-06 22:03:47'),
(594, 2, 'admin', '2025-08-07', '2025-08-06 22:22:39', 'Logout (session timeout)', '2025-08-06 22:22:39'),
(595, 2, 'admin', '2025-08-07', '2025-08-06 22:28:05', 'Logout (session timeout)', '2025-08-06 22:28:05'),
(596, 2, 'admin', '2025-08-07', '2025-08-06 22:41:48', 'Logout (session timeout)', '2025-08-06 22:41:48'),
(597, 2, 'admin', '2025-08-07', '2025-08-06 22:43:57', 'Logout (session timeout)', '2025-08-06 22:43:57'),
(598, 2, 'admin', '2025-08-07', '2025-08-06 22:44:30', 'Logout (session timeout)', '2025-08-06 22:44:30'),
(599, 2, 'admin', '2025-08-07', '2025-08-07 10:14:42', 'Logout (session timeout)', '2025-08-07 10:14:42'),
(600, 2, 'admin', '2025-08-07', '2025-08-07 11:02:39', 'Logout (session timeout)', '2025-08-07 11:02:39'),
(601, 2, 'admin', '2025-08-07', '2025-08-07 11:32:01', 'Profile image changed', '2025-08-07 11:32:01'),
(602, 2, 'admin', '2025-08-07', '2025-08-07 11:33:59', 'Logout (session timeout)', '2025-08-07 11:33:59'),
(603, 2, 'admin', '2025-08-07', '2025-08-07 11:58:55', 'Profile image changed', '2025-08-07 11:58:55'),
(604, 2, 'admin', '2025-08-07', '2025-08-07 11:59:09', 'Logout (session timeout)', '2025-08-07 11:59:09'),
(605, 2, 'admin', '2025-08-07', '2025-08-07 12:00:33', 'Logout (session timeout)', '2025-08-07 12:00:33'),
(606, 2, 'admin', '2025-08-07', '2025-08-07 17:06:33', 'Logout (session timeout)', '2025-08-07 17:06:33');
INSERT INTO `logs` (`logId`, `userId`, `username`, `loginDate`, `logTime`, `action`, `logoutTime`) VALUES
(607, 1, 'testuser', '2025-08-07', '2025-08-07 17:51:48', 'register', '2025-08-07 17:51:48'),
(608, 2, 'admin', '2025-08-07', '2025-08-07 18:09:19', 'Logout (session timeout)', '2025-08-07 18:09:19'),
(609, 2, 'admin', '2025-08-07', '2025-08-07 18:10:13', 'Logout (session timeout)', '2025-08-07 18:10:13'),
(610, 2, 'admin', '2025-08-07', '2025-08-07 18:17:40', 'login', '2025-08-07 18:17:40'),
(611, 2, 'admin', '2025-08-07', '2025-08-07 18:19:39', 'User Login', '2025-08-07 18:19:39'),
(612, 2, 'admin', '2025-08-07', '2025-08-07 18:20:05', 'Profile image changed', '2025-08-07 18:20:05'),
(613, 2, 'admin', '2025-08-07', '2025-08-07 18:20:29', 'Password updated', '2025-08-07 18:20:29'),
(614, 2, 'admin', '2025-08-07', '2025-08-07 18:20:48', 'Deleted camera with ID: 1141', '2025-08-07 18:20:48'),
(615, 2, 'admin', '2025-08-07', '2025-08-07 18:21:54', 'Logout (session timeout)', '2025-08-07 18:21:54'),
(616, 2, 'admin', '2025-08-07', '2025-08-07 18:21:58', 'User Login', '2025-08-07 18:21:58'),
(617, 2, 'admin', '2025-08-07', '2025-08-07 18:22:27', 'Logout (session timeout)', '2025-08-07 18:22:27'),
(618, 1, 'ambelbasha', '2025-08-07', '2025-08-07 18:27:06', 'User Login', '2025-08-07 18:27:06'),
(619, 1, 'ambelbasha', '2025-08-07', '2025-08-07 18:27:51', 'Profile image changed', '2025-08-07 18:27:51'),
(620, 1, 'ambelbasha', '2025-08-07', '2025-08-07 18:28:01', 'Password updated', '2025-08-07 18:28:01'),
(621, 1, 'ambelbasha', '2025-08-07', '2025-08-07 18:28:18', 'Logout (session timeout)', '2025-08-07 18:28:18'),
(622, 2, 'admin', '2025-08-07', '2025-08-07 18:28:22', 'User Login', '2025-08-07 18:28:22'),
(623, 2, 'admin', '2025-08-07', '2025-08-07 18:42:19', 'Logout (session timeout)', '2025-08-07 18:42:19');

-- --------------------------------------------------------

--
-- Δομή πίνακα για τον πίνακα `remembermetokens`
--

CREATE TABLE `remembermetokens` (
  `tokenId` int(11) NOT NULL,
  `userId` int(11) NOT NULL,
  `token` varchar(255) NOT NULL,
  `expiry` datetime NOT NULL
) ENGINE=InnoDB DEFAULT CHARSET=utf8mb4 COLLATE=utf8mb4_general_ci;

--
-- Άδειασμα δεδομένων του πίνακα `remembermetokens`
--

INSERT INTO `remembermetokens` (`tokenId`, `userId`, `token`, `expiry`) VALUES
(27, 2, '4FShEzNr8RyZwtiiV0dDDLO3YdfrqbQPXR3q9Z6Hkmc', '2025-09-05 21:59:58');

-- --------------------------------------------------------

--
-- Δομή πίνακα για τον πίνακα `storedurls`
--

CREATE TABLE `storedurls` (
  `id` int(11) NOT NULL,
  `userId` int(11) DEFAULT NULL,
  `url` text NOT NULL,
  `name` varchar(255) NOT NULL,
  `initiallyStored` timestamp NOT NULL DEFAULT current_timestamp(),
  `updated` timestamp NOT NULL DEFAULT current_timestamp() ON UPDATE current_timestamp()
) ENGINE=InnoDB DEFAULT CHARSET=utf8mb4 COLLATE=utf8mb4_general_ci;

--
-- Άδειασμα δεδομένων του πίνακα `storedurls`
--

INSERT INTO `storedurls` (`id`, `userId`, `url`, `name`, `initiallyStored`, `updated`) VALUES
(793, 1, 'https://www.youtube.com/live/LtzkkAeW_Qg?si=wtSCmkYelX1anOyp', 'Camera 1', '2025-03-23 19:59:04', '2025-03-25 16:45:50'),
(867, 1, 'https://www.youtube.com/live/jc2oQUQeaRI?si=UkMvTcA6ukrI0CdK', 'Live', '2025-03-25 18:09:53', '2025-03-25 20:10:31'),
(1085, 46, 'https://www.youtube.com/live/qtsseQlQAQU?si=bP1CqI7QjAgjRkzH', 'New Camera Nr 1', '2025-04-03 13:58:34', '2025-04-03 13:58:34'),
(1086, 46, 'https://www.youtube.com/live/qtsseQlQAQU?si=bP1CqI7QjAgjRkzH', 'New Camera Nr 0', '2025-04-03 13:58:46', '2025-04-03 13:58:46'),
(1087, 46, 'https://www.youtube.com/live/IAkRcsPDO8w?si=SiTusx-kql1G4cYp', 'New Camera Nr 1', '2025-04-03 13:58:52', '2025-04-03 13:58:52'),
(1088, 46, 'https://www.youtube.com/live/AM_pkqjbZ0Q?si=f3XY8iFmePYYG_SB', 'Live Iceland', '2025-04-03 13:59:00', '2025-04-03 13:59:00'),
(1089, 46, 'https://www.youtube.com/live/nnwoTyifNX0?si=ccSXlL4o47Bx4zoO', 'The Royal Sea Aquarium ', '2025-04-03 13:59:07', '2025-04-03 13:59:07'),
(1098, 49, 'https://www.youtube.com/live/5GC7cpzMUMk?si=0IT53IugO0myZCfY', 'New Camera Nr 0', '2025-04-04 17:44:51', '2025-04-04 17:44:51'),
(1099, 49, 'https://www.youtube.com/live/qtsseQlQAQU?si=bP1CqI7QjAgjRkzH', 'New Camera Nr 1', '2025-04-04 17:45:00', '2025-04-04 17:45:00'),
(1100, 49, 'https://www.youtube.com/live/IAkRcsPDO8w?si=SiTusx-kql1G4cYp', 'New Camera Nr 2', '2025-04-04 17:45:32', '2025-04-04 17:45:32'),
(1101, 49, 'https://www.youtube.com/live/AM_pkqjbZ0Q?si=f3XY8iFmePYYG_SB', 'The Royal Sea Aquarium ', '2025-04-04 17:45:39', '2025-04-04 17:45:39'),
(1115, 2, 'https://www.youtube.com/live/AM_pkqjbZ0Q?si=f3XY8iFmePYYG_SB', 'New Camera ', '2025-04-07 14:36:58', '2025-08-04 17:39:56'),
(1116, 2, 'https://www.youtube.com/live/IAkRcsPDO8w?si=qutRC6zItBJsm5t3', 'New Camera Nr 1', '2025-04-07 14:37:11', '2025-04-17 20:05:14'),
(1117, 2, 'https://www.youtube.com/live/nnwoTyifNX0?si=ccSXlL4o47Bx4zoO', 'Live Iceland', '2025-04-07 14:53:57', '2025-04-17 20:05:17'),
(1119, 2, 'https://www.youtube.com/live/xRPjKQtRXR8?feature=shared', 'ISS NASA  Channel', '2025-04-07 14:54:43', '2025-04-18 19:41:43'),
(1124, 2, 'https://www.youtube.com/live/z7SiAaN4ogw?si=d_T87P84gW7G9JNM', 'Live 164 Cameras ', '2025-04-07 16:54:10', '2025-04-07 16:54:10'),
(1142, 2, 'https://www.youtube.com/live/0ImA9IcyQwA?si=P-1f1QxwvYgyjMuj', 'klein Curacao', '2025-04-08 17:25:02', '2025-04-16 20:50:47'),
(1145, 44, 'https://www.youtube.com/live/qtsseQlQAQU?si=bP1CqI7QjAgjRkzH', 'New Camera Nr 0', '2025-04-11 11:53:33', '2025-04-11 11:53:33'),
(1146, 44, 'https://www.youtube.com/live/IAkRcsPDO8w?si=SiTusx-kql1G4cYp', 'ISS NASA  Channel', '2025-04-11 11:53:40', '2025-04-11 11:53:40'),
(1158, 52, 'https://www.youtube.com/live/0ImA9IcyQwA?si=Jk4qth3534tgOEW8', 'Klein Marmaid ', '2025-04-17 11:29:03', '2025-04-17 11:29:03'),
(1193, 59, 'https://www.youtube.com/live/5GC7cpzMUMk?si=0IT53IugO0myZCfY', 'New Camera Nr 0', '2025-04-19 08:17:47', '2025-04-19 08:17:47'),
(1194, 59, 'https://www.youtube.com/live/AM_pkqjbZ0Q?si=f3XY8iFmePYYG_SB', 'ISS NASA  Channel', '2025-04-19 08:17:57', '2025-04-19 08:17:57'),
(1195, 59, 'https://www.youtube.com/live/IAkRcsPDO8w?si=qutRC6zItBJsm5t3', 'New Camera Nr 1', '2025-04-19 08:18:04', '2025-04-19 08:18:04'),
(1196, 59, 'https://www.youtube.com/live/AM_pkqjbZ0Q?si=f3XY8iFmePYYG_SB', 'New Camera ', '2025-04-19 08:18:13', '2025-04-19 08:18:13'),
(1199, 2, 'https://www.youtube.com/live/d3NtRh5Jggs?si=QerGOPGL_hQdELRc', 'Kalabryta', '2025-04-19 08:57:11', '2025-04-19 08:57:11'),
(1202, 2, 'https://www.youtube.com/live/bHaexclwpn4?si=w5rAmmOkVU9SmDVA', 'Maho Beach ', '2025-04-20 19:48:30', '2025-04-20 19:48:30'),
(1203, 2, 'https://www.youtube.com/live/p2NynJi-h9s?si=dmzLjJ6S8vqORndI', 'East Beach ', '2025-04-20 19:50:09', '2025-04-20 19:50:40'),
(1204, 62, 'https://www.youtube.com/live/MPpan20Nx9w?si=jmNf25m4pEPMfLGl', 'New Streamin Camera ', '2025-04-20 21:13:21', '2025-04-20 21:13:21'),
(1207, 62, 'https://www.youtube.com/live/0ImA9IcyQwA?si=_N4lZOaPT9noNnyW', 'New Streamin Camera 2', '2025-04-20 21:13:45', '2025-04-20 21:13:45'),
(1208, 62, 'https://www.youtube.com/live/mLDwIqA6X20?si=rXclSe47n34Lw_Ca', 'New Streamin Camera !', '2025-04-20 21:13:52', '2025-04-20 21:13:52'),
(1209, 2, 'https://www.youtube.com/live/rnXIjl_Rzy4?si=q3LmSzXj8-uMMft9', 'New Camera Nr 10', '2025-08-07 18:20:58', '2025-08-07 18:20:58'),
(1210, 1, 'https://www.youtube.com/live/rnXIjl_Rzy4?si=q3LmSzXj8-uMMft9', 'New Camera Nr 3', '2025-08-07 18:27:26', '2025-08-07 18:27:26'),
(1211, 1, 'https://www.youtube.com/live/0ImA9IcyQwA?si=RbAvI5nlFau4CwV7', 'New Camera Nr 4', '2025-08-07 18:27:37', '2025-08-07 18:27:37');

-- --------------------------------------------------------

--
-- Δομή πίνακα για τον πίνακα `usersaccount`
--

CREATE TABLE `usersaccount` (
  `userid` int(11) NOT NULL,
  `username` varchar(255) NOT NULL,
  `email` varchar(255) NOT NULL,
  `modificationDate` date DEFAULT NULL,
  `password` varchar(255) NOT NULL,
  `isActive` tinyint(1) NOT NULL DEFAULT 1,
  `registrationDate` date NOT NULL DEFAULT curdate(),
  `profileImage` varchar(255) DEFAULT '',
  `profileImagePath` varchar(255) DEFAULT '',
  `profileImageExtension` varchar(10) DEFAULT '',
  `adminRole` tinyint(1) NOT NULL DEFAULT 0,
  `loginDate` datetime DEFAULT NULL,
  `activationToken` varchar(255) DEFAULT NULL,
  `expiry` datetime DEFAULT NULL,
  `lastLogin` datetime DEFAULT NULL
) ENGINE=InnoDB DEFAULT CHARSET=utf8mb4 COLLATE=utf8mb4_general_ci;

--
-- Άδειασμα δεδομένων του πίνακα `usersaccount`
--

INSERT INTO `usersaccount` (`userid`, `username`, `email`, `modificationDate`, `password`, `isActive`, `registrationDate`, `profileImage`, `profileImagePath`, `profileImageExtension`, `adminRole`, `loginDate`, `activationToken`, `expiry`, `lastLogin`) VALUES
(1, 'ambelbasha', 'ambelbasha@gmail.com', '2025-08-07', '$2a$10$cR9KkG0jW83NmE/l3Vsv7ew.Ga0oJe.iWW8IA/gowrjEtsdy1iRm.', 1, '2025-04-03', 'profile.jpg', '/Images/ambelbasha/profile.jpg', NULL, 0, '2025-08-07 21:27:06', NULL, NULL, NULL),
(2, 'admin', 'ambelbasha@hotmail.com', '2025-08-07', '$2a$10$ESdaNVp1MhYj3PusNI6wceEWuqxT8M9xovl3JSEeqYNAkP0kinxlW', 1, '2025-04-03', 'profile.jpg', '/Images/admin/profile.jpg', NULL, 1, '2025-08-07 21:28:22', NULL, NULL, NULL),
(44, 'evermadder', 'evermadder@yahoo.com', '2025-04-03', '$2a$10$IoO/a/63haVURRKEkmlya.J7uZIumt/2iR1GKfIi64PGRbCdOqCDS', 1, '2025-04-03', 'profile.png', '/Images/evermadder/profile.png', NULL, 0, NULL, NULL, NULL, NULL),
(45, 'UniwaAccount', 'cs121105@uniwa.gr', '2025-04-03', '$2a$10$fR8yEl1.ZyZDfFhbhFJEjOwMoUYGAhqyHPBdGvMgGzCRPbGOe8xS2', 1, '2025-04-03', NULL, NULL, NULL, 0, NULL, NULL, NULL, NULL),
(46, 'newlinkambel', 'evermadder@gmail.com', '2025-04-03', '$2a$10$65o51GOAflbQt8/x9FTT/e6z11Ogr/vhCdufmhatCaC8Sw5c9wXIu', 1, '2025-04-03', 'profile.jpg', '/Images/newlinkambel/profile.jpg', NULL, 0, NULL, NULL, NULL, NULL),
(48, 'adminalpha', 'loopip2025@gmail.com', '2025-04-03', '$2a$10$3gwjQBml1UfXIZAXr1mRjeZSj72ZG0kzI/ClvLSNW1HTbgydIXZRi', 1, '2025-04-03', NULL, NULL, NULL, 0, NULL, NULL, NULL, NULL),
(49, 'TzoulTzel', 'giorgos99j@gmail.com', '2025-04-04', '$2a$10$.VdfUO/4z4xm0Kn5ngget.IiUxvk8ghvKS5C3qiIfXKSBK7P5gIP.', 1, '2025-04-04', 'profile.jpg', '/Images/TzoulTzel/profile.jpg', NULL, 0, NULL, NULL, NULL, NULL),
(50, 'newuser', 'ambelbasha2026@gmail.com', '2025-04-07', '$2a$10$kGF2Py98wLGKBTztDEGfx.YFUIVZs.UdhO1RXzc.omVK9R4lBY1x6', 1, '2025-04-07', 'profile.jpg', '/Images/newuser/profile.jpg', NULL, 0, NULL, NULL, NULL, NULL),
(51, 'Billis', 'billisstef@gmail.com', '2025-04-07', '$2a$10$pFXl3WOIq243109ltRNy3uq2brleJmsbM4BgQaWPPiO2UYfNsS63u', 1, '2025-04-07', NULL, NULL, NULL, 0, NULL, NULL, NULL, NULL),
(52, 'adminbeta', 'adminathens@gmail.com', '2025-04-17', '$2a$10$1K6iHvCXmMg5C5DwwtX/WeqfosJ8DVTMAsiSJeZ64BbGxtW3fwQXi', 1, '2025-04-17', NULL, NULL, NULL, 1, NULL, NULL, NULL, NULL),
(53, 'lastregistredusr', 'lastregistedusr@hotmail.com', '2025-04-18', '$2a$10$49Rvx3Ee38hi60prK50GR.6.a.xDKn7qDP9Dx0FXVfLSJSngCJPn2', 1, '2025-04-18', NULL, NULL, NULL, 0, NULL, NULL, NULL, NULL),
(58, 'minithemoocher', 'minithemoocher@gmail.com', '2025-04-19', '$2a$10$1gPzWKRenDtudrW3J9RiAuda6vRFbQHXPOCRQfN6VDk..wwRMF/sK', 1, '2025-04-19', NULL, NULL, NULL, 0, NULL, NULL, NULL, NULL),
(59, 'admingama', 'admingama@gmail.com', '2025-04-19', '$2a$10$iUUzviQb5jqsY2ajQBtDj.Lvq7ZtoePrt.V2fJ.vGjw8d.u.GXGeO', 1, '2025-04-19', NULL, NULL, NULL, 0, NULL, NULL, NULL, NULL),
(60, 'ambelbashabbbbbb', 'ambelbasha2025555@gmail.com', '2025-04-19', '$2a$10$gATuZBU4i6en.gMhZpR9J.opAJeEKw7Mq1cM1cgPH/EH2kf.DPdty', 1, '2025-04-19', NULL, NULL, NULL, 0, NULL, NULL, NULL, NULL),
(61, 'ambelbashamail', 'ambelbasha1976@gmail.com', '2025-04-19', '$2a$10$/io27xakpnb/XBEiFhDGkeSQWWaGyX.A6q2GaWDGu5Ci/o6S0pTSK', 1, '2025-04-19', NULL, NULL, NULL, 0, NULL, NULL, NULL, NULL),
(62, 'loopipalpha', 'loopipalpha@gmail.com', '2025-04-21', '$2a$10$3xJQHPpmF4qOSYAuelso6u9b0.fz6E7qh4YeXAY4qNRrtfvQNMwkm', 1, '2025-04-21', NULL, NULL, NULL, 0, NULL, NULL, NULL, NULL),
(63, 'adminbetaalpha', 'adminbetaalpha@icloud.com', '2025-04-21', '$2a$10$fH6LJQSOfxYmh0TZhGOOqu6IXEyCwiNP.XX.bklx74amo10ydeL1i', 1, '2025-04-21', NULL, NULL, NULL, 0, NULL, NULL, NULL, NULL),
(64, 'ambelb', 'ambelbasha@net.com', '2025-08-04', '$2a$10$gBlyWI7/0xoETcFOsPpDsegNKA7NX/9u/DwXBZO4ftMJPAcczzgQ6', 0, '2025-08-04', NULL, NULL, NULL, 0, NULL, NULL, NULL, NULL),
(65, 'ambelbash', 'ambelbasha@gmail.gr', '2025-08-04', '$2a$10$Z/KKDhFOh1KgZA7wpb7cj.LZrYVLjsjdJlZgfOTMcjlja6aq5v7pa', 0, '2025-08-04', NULL, NULL, NULL, 0, NULL, NULL, NULL, NULL),
(66, 'LeliBashaaaa', 'ambelbasha44@gmail.com', '2025-08-04', '$2a$10$Wlz/hdkd3SlfN.wY8AGvbuxupxbG79hHzSLeUZOwR80zL70w201sq', 0, '2025-08-04', NULL, NULL, NULL, 0, NULL, '03178175-749b-4b05-883d-bd4f1057c156', '2025-08-05 17:02:16', NULL),
(67, 'ambelloop', 'loopip2024@gmail.com', '2025-08-04', '$2a$10$2vHJ9zCWpuc2Ww1xhJsdM.YaZlpGaAwx83hxbE8trZSsS0zmlSBeu', 1, '2025-08-04', '', '', '', 0, NULL, NULL, NULL, NULL);

--
-- Ευρετήρια για άχρηστους πίνακες
--

--
-- Ευρετήρια για πίνακα `logs`
--
ALTER TABLE `logs`
  ADD PRIMARY KEY (`logId`),
  ADD KEY `user_id` (`userId`);

--
-- Ευρετήρια για πίνακα `remembermetokens`
--
ALTER TABLE `remembermetokens`
  ADD PRIMARY KEY (`tokenId`),
  ADD KEY `userId` (`userId`);

--
-- Ευρετήρια για πίνακα `storedurls`
--
ALTER TABLE `storedurls`
  ADD PRIMARY KEY (`id`),
  ADD KEY `user_id` (`userId`);

--
-- Ευρετήρια για πίνακα `usersaccount`
--
ALTER TABLE `usersaccount`
  ADD PRIMARY KEY (`userid`),
  ADD UNIQUE KEY `username` (`username`),
  ADD UNIQUE KEY `email` (`email`),
  ADD UNIQUE KEY `unique_email` (`email`);

--
-- AUTO_INCREMENT για άχρηστους πίνακες
--

--
-- AUTO_INCREMENT για πίνακα `logs`
--
ALTER TABLE `logs`
  MODIFY `logId` int(11) NOT NULL AUTO_INCREMENT, AUTO_INCREMENT=624;

--
-- AUTO_INCREMENT για πίνακα `remembermetokens`
--
ALTER TABLE `remembermetokens`
  MODIFY `tokenId` int(11) NOT NULL AUTO_INCREMENT, AUTO_INCREMENT=28;

--
-- AUTO_INCREMENT για πίνακα `storedurls`
--
ALTER TABLE `storedurls`
  MODIFY `id` int(11) NOT NULL AUTO_INCREMENT, AUTO_INCREMENT=1212;

--
-- AUTO_INCREMENT για πίνακα `usersaccount`
--
ALTER TABLE `usersaccount`
  MODIFY `userid` int(11) NOT NULL AUTO_INCREMENT, AUTO_INCREMENT=68;

--
-- Περιορισμοί για άχρηστους πίνακες
--

--
-- Περιορισμοί για πίνακα `logs`
--
ALTER TABLE `logs`
  ADD CONSTRAINT `logs_ibfk_1` FOREIGN KEY (`userId`) REFERENCES `usersaccount` (`userid`) ON DELETE CASCADE ON UPDATE CASCADE;

--
-- Περιορισμοί για πίνακα `remembermetokens`
--
ALTER TABLE `remembermetokens`
  ADD CONSTRAINT `remembermetokens_ibfk_1` FOREIGN KEY (`userId`) REFERENCES `usersaccount` (`userid`) ON DELETE CASCADE ON UPDATE CASCADE;

--
-- Περιορισμοί για πίνακα `storedurls`
--
ALTER TABLE `storedurls`
  ADD CONSTRAINT `storedurls_ibfk_1` FOREIGN KEY (`userId`) REFERENCES `usersaccount` (`userid`) ON DELETE CASCADE ON UPDATE CASCADE;
COMMIT;

/*!40101 SET CHARACTER_SET_CLIENT=@OLD_CHARACTER_SET_CLIENT */;
/*!40101 SET CHARACTER_SET_RESULTS=@OLD_CHARACTER_SET_RESULTS */;
/*!40101 SET COLLATION_CONNECTION=@OLD_COLLATION_CONNECTION */;
